Запрос,Тип запроса,Частотность
купить GAC из Кореи,Транзакционный,НЧ
сроки доставки авто из США,Информационный,НЧ
купить Chery из Китая,Транзакционный,НЧ
купить Lexus E-Class с доставкой,Транзакционный,микро-НЧ
авто из США без пробега по РФ,Коммерческий,микро-НЧ
купить Kia из Европы,Транзакционный,НЧ
какие документы нужны для ввоза авто из Японии,Информационный,СЧ
Регион Логистик группа вконтакте,Навигационный,микро-НЧ
как выглядит договор на доставку авто из США,Информационный,СЧ
как проверить авто на аукционе Германии,Информационный,СЧ
купить Mitsubishi из Японии,Транзакционный,НЧ
доставка авто из Белоруссии под ключ,Транзакционный,СЧ
растаможка Kia X5 стоимость,Транзакционный,микро-НЧ
какие риски при покупке авто из Японии,Информационный,СЧ
сравнение цен на авто в России и за рубежом,Информационный,НЧ
как выбрать авто на аукционе Белоруссии,Информационный,СЧ
купить Exeed из Японии,Транзакционный,НЧ
купить Omoda из Европы,Транзакционный,НЧ
как рассчитать утилизационный сбор 2026,Информационный,НЧ
какие налоги при ввозе авто из ОАЭ,Информационный,СЧ
как растаможить авто из Дубая,Информационный,СЧ
перегон авто из Германии,Коммерческий,НЧ
купить GAC из Китая,Транзакционный,НЧ
купить авто из Дубая,Транзакционный,ВЧ
перегон авто из Европы,Коммерческий,НЧ
растаможка авто Казань,Коммерческий,микро-НЧ
заказать Nissan под ключ,Транзакционный,микро-НЧ
купить Mazda из Кореи,Транзакционный,НЧ
заказать Mazda Outback под ключ,Транзакционный,микро-НЧ
авто из Китая под ключ,Коммерческий,ВЧ
доставка авто из Японии в Казань,Коммерческий,НЧ
как избежать мошенничества при покупке авто за рубежом,Информационный,НЧ
растаможка авто из Германии цена,Транзакционный,СЧ
купить Volvo из Китая,Транзакционный,НЧ
авто из Китая с гарантией,Коммерческий,НЧ
автоброкер Казань,Коммерческий,микро-НЧ
купить Jaecoo из Китая,Транзакционный,НЧ
купить Exeed из Кореи,Транзакционный,НЧ
купить внедорожник из-за рубежа,Транзакционный,НЧ
как выбрать авто на аукционе Дубая,Информационный,СЧ
растаможка авто из Кореи цена,Транзакционный,СЧ
купить Changan из Японии,Транзакционный,НЧ
заказать Hyundai Sportage под ключ,Транзакционный,микро-НЧ
какой порт принимает авто из Дубая,Информационный,СЧ
заказать BMW под ключ,Транзакционный,микро-НЧ
купить Subaru из Европы,Транзакционный,НЧ
растаможка авто из Дубая цена,Транзакционный,СЧ
плюсы и минусы покупки авто с пробегом за рубежом,Информационный,микро-НЧ
купить авто из США без посредников,Транзакционный,микро-НЧ
выгодно ли покупать авто через посредника,Информационный,НЧ
цена Toyota Land Cruiser 300 с доставкой,Транзакционный,микро-НЧ
доставка авто из США компания,Коммерческий,СЧ
проверенный автоброкер из Белоруссии,Коммерческий,микро-НЧ
какие налоги при ввозе авто из Кореи,Информационный,СЧ
купить Porsche Sorento с доставкой,Транзакционный,микро-НЧ
сроки доставки авто из Японии,Информационный,НЧ
купить Volkswagen из Европы,Транзакционный,НЧ
проверенный автоброкер из Европы,Коммерческий,микро-НЧ
какие риски при покупке авто из Германии,Информационный,СЧ
доставка авто из Кореи в Иркутск,Коммерческий,НЧ
заказать растаможку из Дубая,Транзакционный,НЧ
стоимость доставки авто из США,Транзакционный,СЧ
доставка авто из Японии в Пермь,Коммерческий,НЧ
заказать растаможку из США,Транзакционный,НЧ
цена Subaru с доставкой из-за рубежа,Транзакционный,микро-НЧ
купить BMW Camry с доставкой,Транзакционный,микро-НЧ
услуги по подбору авто из Кореи,Коммерческий,микро-НЧ
какие есть риски при покупке авто из Китая,Информационный,НЧ
доставка авто из Дубая компания,Коммерческий,СЧ
какой утильсбор на авто из Белоруссии,Информационный,СЧ
цена Hyundai с доставкой из-за рубежа,Транзакционный,микро-НЧ
купить Hyundai из Японии,Транзакционный,НЧ
заказать Land Rover Santa Fe под ключ,Транзакционный,микро-НЧ
растаможка Chery X-Trail стоимость,Транзакционный,микро-НЧ
подбор авто из Японии под ключ,Коммерческий,СЧ
какие документы нужны для ввоза авто из Германии,Информационный,СЧ
автоброкер Иркутск,Коммерческий,микро-НЧ
цена Lexus с доставкой из-за рубежа,Транзакционный,микро-НЧ
цена Mitsubishi с доставкой из-за рубежа,Транзакционный,микро-НЧ
купить Nissan из Европы,Транзакционный,НЧ
автоброкер Екатеринбург,Коммерческий,микро-НЧ
перегон авто из Японии,Коммерческий,НЧ
доставка авто из Китая в Пермь,Коммерческий,НЧ
заказать Honda под ключ,Транзакционный,микро-НЧ
заказать Volkswagen под ключ,Транзакционный,микро-НЧ
цена Volkswagen Q7 с доставкой,Транзакционный,микро-НЧ
доставка авто из Германии компания,Коммерческий,СЧ
отличие ЭПТС от ПТС,Информационный,микро-НЧ
заказать Lexus E-Class под ключ,Транзакционный,микро-НЧ
заказать Lexus под ключ,Транзакционный,микро-НЧ
какие документы нужны для ввоза авто из США,Информационный,СЧ
привезти авто из ОАЭ на заказ,Транзакционный,НЧ
доставка авто из ОАЭ компания,Коммерческий,СЧ
купить Zeekr из Кореи,Транзакционный,НЧ
заказать авто из Китая,Транзакционный,СЧ
доставка авто из Кореи в Москва,Коммерческий,НЧ
заказать авто из Дубая,Транзакционный,СЧ
купить Toyota из Кореи,Транзакционный,НЧ
привезти авто из Германии на заказ,Транзакционный,НЧ
как рассчитать растаможку авто из Китая,Информационный,СЧ
купить Volkswagen из Японии,Транзакционный,НЧ
доставка авто из Японии в Владивосток,Коммерческий,НЧ
какой порт принимает авто из ОАЭ,Информационный,СЧ
купить Porsche из Кореи,Транзакционный,НЧ
растаможка Omoda Prado стоимость,Транзакционный,микро-НЧ
купить Skoda из Европы,Транзакционный,НЧ
доставка авто из Японии в Нижний Новгород,Коммерческий,НЧ
автоброкер Хабаровск,Коммерческий,микро-НЧ
доставка авто из Китая в Иркутск,Коммерческий,НЧ
цена Honda с доставкой из-за рубежа,Транзакционный,микро-НЧ
какой порт принимает авто из Японии,Информационный,СЧ
как проходит доставка авто из ОАЭ этапы,Информационный,СЧ
заказать Audi под ключ,Транзакционный,микро-НЧ
как растаможить авто из Японии,Информационный,СЧ
сколько ждать авто из Европы после заказа,Информационный,НЧ
сколько стоит растаможка авто из США,Информационный,НЧ
сколько стоит растаможка авто из Японии,Информационный,НЧ
как выглядит договор на доставку авто из Европы,Информационный,СЧ
какой утильсбор на авто из ОАЭ,Информационный,СЧ
купить Haval из Китая,Транзакционный,НЧ
купить Toyota из Европы,Транзакционный,НЧ
документы для растаможки авто из Японии,Информационный,НЧ
растаможка авто из Европы цена,Транзакционный,СЧ
автоброкер Москва,Коммерческий,микро-НЧ
какой порт принимает авто из США,Информационный,СЧ
доставка авто из Кореи в Санкт-Петербург,Коммерческий,НЧ
купить авто из Японии,Транзакционный,ВЧ
услуги по подбору авто из ОАЭ,Коммерческий,микро-НЧ
заказать Chery под ключ,Транзакционный,микро-НЧ
доставка авто из Китая в Екатеринбург,Коммерческий,НЧ
авто из Китая без пробега по РФ,Коммерческий,микро-НЧ
купить Mercedes из Китая,Транзакционный,НЧ
доставка авто из Китая в Красноярск,Коммерческий,НЧ
заказать Toyota под ключ,Транзакционный,микро-НЧ
заказать Mercedes под ключ,Транзакционный,микро-НЧ
какой утильсбор на авто из Европы,Информационный,СЧ
растаможка Honda RX 300 стоимость,Транзакционный,микро-НЧ
цена Mitsubishi Coolray с доставкой,Транзакционный,микро-НЧ
как растаможить авто из США,Информационный,СЧ
купить гибрид из-за рубежа,Транзакционный,НЧ
купить Land Rover Santa Fe с доставкой,Транзакционный,микро-НЧ
доставка авто из Кореи в Краснодар,Коммерческий,НЧ
купить Haval из Европы,Транзакционный,НЧ
Region Logistik отзывы,Навигационный,СЧ
цена Mazda с доставкой из-за рубежа,Транзакционный,микро-НЧ
какие налоги при ввозе авто из Японии,Информационный,СЧ
заказать кроссовер под ключ доставка,Транзакционный,микро-НЧ
купить Zeekr из Японии,Транзакционный,НЧ
заказать гибрид под ключ доставка,Транзакционный,микро-НЧ
автоброкер Владивосток,Коммерческий,микро-НЧ
цена Land Rover с доставкой из-за рубежа,Транзакционный,микро-НЧ
услуги по подбору авто из Дубая,Коммерческий,микро-НЧ
сколько ждать авто из Белоруссии после заказа,Информационный,НЧ
купить Honda из Японии,Транзакционный,НЧ
выкуп авто из Кореи на заказ,Транзакционный,НЧ
Регион Логистик блог,Навигационный,микро-НЧ
купить Hyundai Sportage с доставкой,Транзакционный,микро-НЧ
как рассчитать растаможку авто из США,Информационный,СЧ
купить Honda из Европы,Транзакционный,НЧ
цена Omoda Prado с доставкой,Транзакционный,микро-НЧ
подбор авто из Германии под ключ,Коммерческий,СЧ
какой порт принимает авто из Китая,Информационный,СЧ
заказать Mazda под ключ,Транзакционный,микро-НЧ
растаможка авто из ОАЭ цена,Транзакционный,СЧ
купить Tank из Японии,Транзакционный,НЧ
доставка авто из Кореи в Казань,Коммерческий,НЧ
как рассчитать растаможку авто из Белоруссии,Информационный,СЧ
растаможка авто Екатеринбург,Коммерческий,микро-НЧ
сколько ждать авто из Японии после заказа,Информационный,НЧ
доставка авто из Японии в Новосибирск,Коммерческий,НЧ
доставка авто из Кореи в Воронеж,Коммерческий,НЧ
растаможка Lexus E-Class стоимость,Транзакционный,микро-НЧ
доставка авто из Китая в Нижний Новгород,Коммерческий,НЧ
стоимость доставки авто из Европы,Транзакционный,СЧ
купить Volvo из Европы,Транзакционный,НЧ
как выбрать авто на аукционе Китая,Информационный,СЧ
какие налоги при ввозе авто из Германии,Информационный,СЧ
купить Mercedes из Европы,Транзакционный,НЧ
доставка авто из Европы под ключ,Транзакционный,СЧ
цена Skoda с доставкой из-за рубежа,Транзакционный,микро-НЧ
заказать Mitsubishi Coolray под ключ,Транзакционный,микро-НЧ
автоброкер услуги,Коммерческий,НЧ
надежная доставка авто из Дубая,Коммерческий,микро-НЧ
купить Subaru из Кореи,Транзакционный,НЧ
стоимость доставки авто из Китая,Транзакционный,СЧ
растаможка Mitsubishi Coolray стоимость,Транзакционный,микро-НЧ
какие налоги при ввозе авто из Европы,Информационный,СЧ
как проверить авто на аукционе Китая,Информационный,СЧ
купить Tank Alphard с доставкой,Транзакционный,микро-НЧ
купить Changan из Европы,Транзакционный,НЧ
какие риски при покупке авто из Дубая,Информационный,СЧ
расчет стоимости авто из ОАЭ,Транзакционный,НЧ
как растаможить авто из Кореи,Информационный,СЧ
доставка авто из Кореи компания,Коммерческий,СЧ
надежная доставка авто из Европы,Коммерческий,микро-НЧ
какой утильсбор на авто из Германии,Информационный,СЧ
купить Geely Tiggo 8 Pro с доставкой,Транзакционный,микро-НЧ
заказать растаможку из Китая,Транзакционный,НЧ
цена GAC с доставкой из-за рубежа,Транзакционный,микро-НЧ
заказать растаможку из Европы,Транзакционный,НЧ
растаможка авто Новосибирск,Коммерческий,микро-НЧ
цена Nissan с доставкой из-за рубежа,Транзакционный,микро-НЧ
купить BMW из Кореи,Транзакционный,НЧ
купить Mazda из Китая,Транзакционный,НЧ
авто из ОАЭ с гарантией,Коммерческий,НЧ
купить Subaru Tank 300 с доставкой,Транзакционный,микро-НЧ
как проходит доставка авто из Китая этапы,Информационный,СЧ
купить Porsche из Китая,Транзакционный,НЧ
как проходит доставка авто из Дубая этапы,Информационный,СЧ
купить авто из Европы,Транзакционный,ВЧ
купить Mercedes из Кореи,Транзакционный,НЧ
растаможка Tank Alphard стоимость,Транзакционный,микро-НЧ
заказать Audi CX-5 под ключ,Транзакционный,микро-НЧ
купить GAC из Японии,Транзакционный,НЧ
цена Changan с доставкой из-за рубежа,Транзакционный,микро-НЧ
как выбрать авто на аукционе Японии,Информационный,СЧ
цена Geely Tiggo 8 Pro с доставкой,Транзакционный,микро-НЧ
как проверить авто на аукционе ОАЭ,Информационный,СЧ
цена Tank Alphard с доставкой,Транзакционный,микро-НЧ
растаможка Land Rover Santa Fe стоимость,Транзакционный,микро-НЧ
rlogistik.ru,Навигационный,НЧ
купить Geely из Европы,Транзакционный,НЧ
растаможка Changan Monjaro стоимость,Транзакционный,микро-НЧ
купить Lexus из Европы,Транзакционный,НЧ
документы для растаможки авто из США,Информационный,НЧ
как проверить авто на аукционе Кореи,Информационный,СЧ
авто из Европы с гарантией,Коммерческий,НЧ
авто из Белоруссии без пробега по РФ,Коммерческий,микро-НЧ
проверенный автоброкер из Кореи,Коммерческий,микро-НЧ
цена Land Rover Santa Fe с доставкой,Транзакционный,микро-НЧ
надежная доставка авто из Германии,Коммерческий,микро-НЧ
растаможка Nissan CR-V стоимость,Транзакционный,микро-НЧ
доставка авто из Китая в Хабаровск,Коммерческий,НЧ
сроки доставки авто из Германии,Информационный,НЧ
выкуп авто из Дубая на заказ,Транзакционный,НЧ
купить Skoda из Японии,Транзакционный,НЧ
цена Mazda Outback с доставкой,Транзакционный,микро-НЧ
какой утильсбор на авто из Дубая,Информационный,СЧ
какие риски при покупке авто из ОАЭ,Информационный,СЧ
заказать растаможку из Германии,Транзакционный,НЧ
заказать внедорожник под ключ доставка,Транзакционный,микро-НЧ
сколько стоит растаможка авто из Кореи,Информационный,НЧ
сколько ждать авто из ОАЭ после заказа,Информационный,НЧ
цена Audi CX-5 с доставкой,Транзакционный,микро-НЧ
доставка авто из Японии под ключ,Транзакционный,СЧ
сколько ждать авто из США после заказа,Информационный,НЧ
купить Zeekr из Китая,Транзакционный,НЧ
заказать Toyota Land Cruiser 300 под ключ,Транзакционный,микро-НЧ
купить Lexus из Кореи,Транзакционный,НЧ
заказать Geely Tiggo 8 Pro под ключ,Транзакционный,микро-НЧ
подбор авто из Дубая под ключ,Коммерческий,СЧ
доставка авто из Японии в Челябинск,Коммерческий,НЧ
подбор авто из США под ключ,Коммерческий,СЧ
какой порт принимает авто из Европы,Информационный,СЧ
заказать Tank под ключ,Транзакционный,микро-НЧ
Регион Логистик калькулятор,Навигационный,микро-НЧ
какие риски при покупке авто из Китая,Информационный,СЧ
надежная доставка авто из Белоруссии,Коммерческий,микро-НЧ
доставка авто из Японии в Ростов-на-Дону,Коммерческий,НЧ
купить Land Rover из Кореи,Транзакционный,НЧ
документы для растаможки авто из Китая,Информационный,НЧ
купить Toyota Land Cruiser 300 с доставкой,Транзакционный,микро-НЧ
купить Omoda Prado с доставкой,Транзакционный,микро-НЧ
как проходит доставка авто из США этапы,Информационный,СЧ
доставка авто из Кореи в Новосибирск,Коммерческий,НЧ
купить Haval из Кореи,Транзакционный,НЧ
купить Kia X5 с доставкой,Транзакционный,микро-НЧ
цена Kia X5 с доставкой,Транзакционный,микро-НЧ
купить Mitsubishi из Кореи,Транзакционный,НЧ
как выглядит договор на доставку авто из Германии,Информационный,СЧ
доставка авто из Германии под ключ,Транзакционный,СЧ
Регион Логистик вход в личный кабинет,Навигационный,микро-НЧ
купить Honda RX 300 с доставкой,Транзакционный,микро-НЧ
цена Porsche Sorento с доставкой,Транзакционный,микро-НЧ
доставка авто из Японии компания,Коммерческий,СЧ
цена Hyundai Sportage с доставкой,Транзакционный,микро-НЧ
цена Volvo с доставкой из-за рубежа,Транзакционный,микро-НЧ
заказать Mitsubishi под ключ,Транзакционный,микро-НЧ
расчет стоимости авто из Дубая,Транзакционный,НЧ
цена Changan Monjaro с доставкой,Транзакционный,микро-НЧ
растаможка авто Хабаровск,Коммерческий,микро-НЧ
заказать Mercedes Tucson под ключ,Транзакционный,микро-НЧ
заказать Subaru Tank 300 под ключ,Транзакционный,микро-НЧ
какой утильсбор на авто из Кореи,Информационный,СЧ
Регион Логистик контакты,Навигационный,микро-НЧ
цена GAC Civic с доставкой,Транзакционный,микро-НЧ
купить Exeed VX с доставкой,Транзакционный,микро-НЧ
купить Audi из Европы,Транзакционный,НЧ
сколько ждать авто из Китая после заказа,Информационный,НЧ
заказать GAC Civic под ключ,Транзакционный,микро-НЧ
цена Nissan CR-V с доставкой,Транзакционный,микро-НЧ
цена Zeekr с доставкой из-за рубежа,Транзакционный,микро-НЧ
доставка авто из ОАЭ под ключ,Транзакционный,СЧ
купить Volvo из Кореи,Транзакционный,НЧ
стоимость доставки авто из Японии,Транзакционный,СЧ
какие риски при покупке авто из Белоруссии,Информационный,СЧ
растаможка Jaecoo Corolla Cross стоимость,Транзакционный,микро-НЧ
цена Chery с доставкой из-за рубежа,Транзакционный,микро-НЧ
купить авто из Японии без посредников,Транзакционный,микро-НЧ
подбор авто из Европы под ключ,Коммерческий,СЧ
купить Jaecoo из Европы,Транзакционный,НЧ
проверенный автоброкер из Китая,Коммерческий,микро-НЧ
купить GAC из Европы,Транзакционный,НЧ
стоимость доставки авто из ОАЭ,Транзакционный,СЧ
купить Audi из Китая,Транзакционный,НЧ
как оформить страховку на новый авто после ввоза,Информационный,микро-НЧ
как проверить авто на аукционе Европы,Информационный,СЧ
как проверить авто на аукционе Японии,Информационный,СЧ
автоброкер Воронеж,Коммерческий,микро-НЧ
заказать Skoda под ключ,Транзакционный,микро-НЧ
доставка авто из Японии в Москва,Коммерческий,НЧ
заказать Hyundai под ключ,Транзакционный,микро-НЧ
авто из Белоруссии с гарантией,Коммерческий,НЧ
заказать растаможку из ОАЭ,Транзакционный,НЧ
купить Changan из Кореи,Транзакционный,НЧ
какой возраст авто выгоднее ввозить в Россию,Информационный,микро-НЧ
цена Honda RX 300 с доставкой,Транзакционный,микро-НЧ
заказать минивэн под ключ доставка,Транзакционный,микро-НЧ
купить Chery из Европы,Транзакционный,НЧ
доставка авто из Дубая под ключ,Транзакционный,СЧ
заказать Land Rover под ключ,Транзакционный,микро-НЧ
Регион Логистик адрес офиса,Навигационный,микро-НЧ
перегон авто из США,Коммерческий,НЧ
расчет стоимости авто из Германии,Транзакционный,НЧ
купить Tank из Китая,Транзакционный,НЧ
сколько стоит растаможка авто из Китая,Информационный,НЧ
заказать Geely под ключ,Транзакционный,микро-НЧ
что такое конструктор растаможки,Информационный,микро-НЧ
выкуп авто из ОАЭ на заказ,Транзакционный,НЧ
какие документы нужны для ввоза авто из Кореи,Информационный,СЧ
купить GAC Civic с доставкой,Транзакционный,микро-НЧ
заказать Volvo под ключ,Транзакционный,микро-НЧ
купить BMW из Японии,Транзакционный,НЧ
сроки доставки авто из Европы,Информационный,НЧ
доставка авто из Китая компания,Коммерческий,СЧ
расчет стоимости авто из Белоруссии,Транзакционный,НЧ
перегон авто из ОАЭ,Коммерческий,НЧ
как выглядит договор на доставку авто из Белоруссии,Информационный,СЧ
как выглядит договор на доставку авто из ОАЭ,Информационный,СЧ
растаможка авто Иркутск,Коммерческий,микро-НЧ
доставка авто из Кореи в Ростов-на-Дону,Коммерческий,НЧ
доставка авто из Китая в Краснодар,Коммерческий,НЧ
как проверить авто на аукционе Белоруссии,Информационный,СЧ
растаможка Mercedes Tucson стоимость,Транзакционный,микро-НЧ
как растаможить авто из Германии,Информационный,СЧ
заказать авто из ОАЭ,Транзакционный,СЧ
купить Tank из Европы,Транзакционный,НЧ
как проходит доставка авто из Германии этапы,Информационный,СЧ
подбор авто из Кореи под ключ,Коммерческий,СЧ
заказать BMW Camry под ключ,Транзакционный,микро-НЧ
купить Exeed из Китая,Транзакционный,НЧ
автоброкер Челябинск,Коммерческий,микро-НЧ
как рассчитать растаможку авто из Кореи,Информационный,СЧ
заказать GAC под ключ,Транзакционный,микро-НЧ
доставка авто из Кореи в Хабаровск,Коммерческий,НЧ
купить Mitsubishi из Европы,Транзакционный,НЧ
доставка авто из Китая в Казань,Коммерческий,НЧ
сроки доставки авто из Дубая,Информационный,НЧ
как проходит доставка авто из Японии этапы,Информационный,СЧ
цена Toyota с доставкой из-за рубежа,Транзакционный,микро-НЧ
сроки доставки авто из Белоруссии,Информационный,НЧ
купить Mazda Outback с доставкой,Транзакционный,микро-НЧ
купить Geely из Японии,Транзакционный,НЧ
расчет стоимости авто из Японии,Транзакционный,НЧ
нужен ли техосмотр после ввоза авто,Информационный,микро-НЧ
купить Mazda из Европы,Транзакционный,НЧ
что делать если авто пришло с дефектом,Информационный,микро-НЧ
автоброкер Красноярск,Коммерческий,микро-НЧ
доставка авто из Японии в Воронеж,Коммерческий,НЧ
авто из Японии с гарантией,Коммерческий,НЧ
какой порт принимает авто из Кореи,Информационный,СЧ
купить Skoda из Кореи,Транзакционный,НЧ
авто из США с гарантией,Коммерческий,НЧ
привезти авто из Дубая на заказ,Транзакционный,НЧ
как проходит доставка авто из Европы этапы,Информационный,СЧ
купить авто из Белоруссии,Транзакционный,ВЧ
автоброкер Новосибирск,Коммерческий,микро-НЧ
как рассчитать растаможку авто из Японии,Информационный,СЧ
купить Toyota из Японии,Транзакционный,НЧ
заказать Haval под ключ,Транзакционный,микро-НЧ
перегон авто из Дубая,Коммерческий,НЧ
сколько стоит растаможка авто из Дубая,Информационный,НЧ
аукционный балл авто что означает,Информационный,микро-НЧ
доставка авто из Китая в Воронеж,Коммерческий,НЧ
Region Logistik официальный сайт,Навигационный,СЧ
выкуп авто из Белоруссии на заказ,Транзакционный,НЧ
купить Volkswagen из Китая,Транзакционный,НЧ
перегон авто из Белоруссии,Коммерческий,НЧ
подбор автомобиля из-за границы,Коммерческий,СЧ
как проходит доставка авто из Кореи этапы,Информационный,СЧ
цена Jaecoo с доставкой из-за рубежа,Транзакционный,микро-НЧ
надежная доставка авто из Японии,Коммерческий,микро-НЧ
сроки доставки авто из Кореи,Информационный,НЧ
купить Jaecoo из Японии,Транзакционный,НЧ
сколько стоит растаможка авто из ОАЭ,Информационный,НЧ
растаможка BMW Camry стоимость,Транзакционный,микро-НЧ
документы для растаможки авто из Белоруссии,Информационный,НЧ
доставка авто из-за рубежа,Коммерческий,ВЧ
заказать авто из Германии,Транзакционный,СЧ
растаможка Hyundai Sportage стоимость,Транзакционный,микро-НЧ
доставка авто из Китая в Москва,Коммерческий,НЧ
доставка авто из США под ключ,Транзакционный,СЧ
как проходит доставка авто из Белоруссии этапы,Информационный,СЧ
растаможка авто Пермь,Коммерческий,микро-НЧ
нужен ли переводчик для покупки авто в Корее,Информационный,микро-НЧ
авто из Европы без пробега по РФ,Коммерческий,микро-НЧ
надежная доставка авто из ОАЭ,Коммерческий,микро-НЧ
купить Skoda из Китая,Транзакционный,НЧ
купить Jaecoo из Кореи,Транзакционный,НЧ
какие есть льготы на растаможку электромобиля,Информационный,микро-НЧ
цена Geely с доставкой из-за рубежа,Транзакционный,микро-НЧ
надежная доставка авто из Кореи,Коммерческий,микро-НЧ
купить Nissan CR-V с доставкой,Транзакционный,микро-НЧ
как работает таможенный калькулятор авто,Информационный,НЧ
купить Porsche из Японии,Транзакционный,НЧ
Region Logistik,Навигационный,ВЧ
растаможка авто Краснодар,Коммерческий,микро-НЧ
заказать Kia под ключ,Транзакционный,микро-НЧ
как рассчитать растаможку авто из Европы,Информационный,СЧ
привезти авто из Японии на заказ,Транзакционный,НЧ
купить авто из Европы без посредников,Транзакционный,микро-НЧ
доставка авто из Европы компания,Коммерческий,СЧ
сроки доставки авто из ОАЭ,Информационный,НЧ
как выглядит договор на доставку авто из Китая,Информационный,СЧ
заказать растаможку из Белоруссии,Транзакционный,НЧ
купить авто из Китая без посредников,Транзакционный,микро-НЧ
купить Hyundai из Китая,Транзакционный,НЧ
какие налоги при ввозе авто из США,Информационный,СЧ
растаможка GAC Civic стоимость,Транзакционный,микро-НЧ
нужно ли ставить на учет авто после растаможки,Информационный,НЧ
растаможка Mazda Outback стоимость,Транзакционный,микро-НЧ
как оценить состояние авто по фото с аукциона,Информационный,микро-НЧ
заказать Skoda Q5 под ключ,Транзакционный,микро-НЧ
купить Toyota из Китая,Транзакционный,НЧ
купить Land Rover из Китая,Транзакционный,НЧ
купить Changan из Китая,Транзакционный,НЧ
как рассчитать растаможку авто из ОАЭ,Информационный,СЧ
доставка авто из Японии в Иркутск,Коммерческий,НЧ
купить Nissan из Японии,Транзакционный,НЧ
купить авто из Германии,Транзакционный,ВЧ
как растаможить авто из Европы,Информационный,СЧ
какие марки авто выгоднее возить из Китая,Информационный,микро-НЧ
доставка авто из Кореи в Красноярск,Коммерческий,НЧ
заказать авто из Европы,Транзакционный,СЧ
как выглядит договор на доставку авто из Дубая,Информационный,СЧ
купить Subaru из Китая,Транзакционный,НЧ
цена BMW с доставкой из-за рубежа,Транзакционный,микро-НЧ
купить Mitsubishi Coolray с доставкой,Транзакционный,микро-НЧ
автоброкер Санкт-Петербург,Коммерческий,микро-НЧ
какой порт принимает авто из Германии,Информационный,СЧ
выкуп авто из Европы на заказ,Транзакционный,НЧ
как рассчитать растаможку авто из Германии,Информационный,СЧ
доставка авто из Белоруссии компания,Коммерческий,СЧ
как проверить VIN номер китайского авто,Информационный,микро-НЧ
какие налоги при ввозе авто из Дубая,Информационный,СЧ
какие документы нужны для ввоза авто из Китая,Информационный,СЧ
сколько стоит растаможка авто из Европы,Информационный,НЧ
растаможка авто из Белоруссии цена,Транзакционный,СЧ
документы для растаможки авто из Дубая,Информационный,НЧ
авто из Германии без пробега по РФ,Коммерческий,микро-НЧ
как выбрать авто на аукционе Европы,Информационный,СЧ
купить пикап из-за рубежа,Транзакционный,НЧ
расчет стоимости авто из Китая,Транзакционный,НЧ
документы для растаможки авто из Германии,Информационный,НЧ
сколько стоит доставка авто морем vs жд,Информационный,микро-НЧ
купить Chery X-Trail с доставкой,Транзакционный,микро-НЧ
авто из Дубая с гарантией,Коммерческий,НЧ
купить Honda из Кореи,Транзакционный,НЧ
как считается таможенная пошлина по объему двигателя,Информационный,НЧ
документы для растаможки авто из Европы,Информационный,НЧ
растаможка Porsche Sorento стоимость,Транзакционный,микро-НЧ
заказать Changan Monjaro под ключ,Транзакционный,микро-НЧ
заказать Kia X5 под ключ,Транзакционный,микро-НЧ
купить Kia из Китая,Транзакционный,НЧ
привезти авто из Белоруссии на заказ,Транзакционный,НЧ
доставка авто из Китая в Челябинск,Коммерческий,НЧ
цена Kia с доставкой из-за рубежа,Транзакционный,микро-НЧ
проверенный автоброкер из Японии,Коммерческий,микро-НЧ
купить Omoda из Китая,Транзакционный,НЧ
автоброкер Пермь,Коммерческий,микро-НЧ
купить Volkswagen Q7 с доставкой,Транзакционный,микро-НЧ
купить Haval из Японии,Транзакционный,НЧ
купить Mitsubishi из Китая,Транзакционный,НЧ
какие документы нужны для ввоза авто из Европы,Информационный,СЧ
какие штрафы за неправильную растаможку,Информационный,микро-НЧ
растаможка Skoda Q5 стоимость,Транзакционный,микро-НЧ
Регион Логистик доставка авто,Навигационный,НЧ
заказать Tank Alphard под ключ,Транзакционный,микро-НЧ
как выбрать авто на аукционе США,Информационный,СЧ
расчет стоимости авто из США,Транзакционный,НЧ
как выбрать авто на аукционе ОАЭ,Информационный,СЧ
доставка авто из Японии в Красноярск,Коммерческий,НЧ
проверенный автоброкер из США,Коммерческий,микро-НЧ
купить Exeed из Европы,Транзакционный,НЧ
Регион Логистик вакансии,Навигационный,микро-НЧ
растаможка Volkswagen Q7 стоимость,Транзакционный,микро-НЧ
авто из Кореи без пробега по РФ,Коммерческий,микро-НЧ
заказать Chery X-Trail под ключ,Транзакционный,микро-НЧ
заказать Volvo GLC под ключ,Транзакционный,микро-НЧ
авто из Кореи с гарантией,Коммерческий,НЧ
